{
  "train_loss": [
    1.1164986811516358,
    0.8421996078993145,
    0.7736089962671338,
    0.7379202143472318,
    0.7070297109288192,
    0.6930811278872873,
    0.6751213770493907,
    0.6647587043756924,
    0.6464091039100182,
    0.6369394906009663,
    0.6237310922376997,
    0.6169236677175083,
    0.5993823152334736,
    0.5749784674175559,
    0.5678758669097668,
    0.5564942641436559,
    0.5397108669426303,
    0.5204338241069271,
    0.5065876752798577,
    0.49227127053070596,
    0.48014054375176946,
    0.4773396762949608,
    0.4681335815597439,
    0.4478392068946791,
    0.4317933850588891,
    0.4325732743558461,
    0.43419000844876193,
    0.4142001202727289,
    0.4202030130618167,
    0.41188968222722455,
    0.38979594789218375,
    0.38584946913237056,
    0.379235866327365,
    0.37668402699387304
  ],
  "val_loss": [
    0.9219812756138188,
    0.8251789983894143,
    0.7850435881742409,
    0.7832031388367925,
    0.7825869470834732,
    0.8004606887698174,
    0.7706900446542672,
    0.7949836270085403,
    0.7713271501873221,
    0.7575707382389477,
    0.8115479376699243,
    0.7789329037602458,
    0.7987844017999512,
    0.7780070001525539,
    0.7884958601955857,
    0.8000460554446492,
    0.8216581898076194,
    0.7741264179348946,
    0.7949117847851345,
    0.8255967465894563,
    0.851495484023222,
    0.8103153971689088,
    0.8242842093376177,
    0.8656372925532716,
    0.8499562431659017,
    0.8566697657640491,
    0.8294415869084852,
    0.8712999963068536,
    0.8530512050326381,
    0.8437968223754849,
    0.9114538174388664,
    0.91544906688588,
    0.8940458428114653,
    0.8917468584009579
  ],
  "val_miou": [
    0.237138521313222,
    0.2909000007765915,
    0.3204516749605343,
    0.3374986052975222,
    0.3383901317813263,
    0.3311786487797074,
    0.3358326906478268,
    0.33520735872514007,
    0.352105089508641,
    0.3623752452570097,
    0.3477893778203251,
    0.3481836263448602,
    0.3533022407504538,
    0.3513013710712586,
    0.3759403586411221,
    0.3766448739025925,
    0.3466440648757522,
    0.36028058085879583,
    0.3699224139803515,
    0.36406516013765206,
    0.37052597389005615,
    0.37756244311543086,
    0.37566421192793975,
    0.39083598718219903,
    0.3774822360389952,
    0.3748081458256075,
    0.3737073826426671,
    0.38865194301193423,
    0.3846515107994245,
    0.37046314465992214,
    0.37687678288338256,
    0.3833686571331222,
    0.37718167366935784,
    0.3815591652936059
  ],
  "lr": [
    3.3240997229916896e-05,
    6.648199445983379e-05,
    9.97229916897507e-05,
    0.00013296398891966758,
    0.00016620498614958447,
    0.0001994459833795014,
    0.00023268698060941828,
    0.00026592797783933517,
    0.00029916897506925206,
    0.00033240997229916895,
    0.0003656509695290859,
    0.0003988919667590028,
    0.0003999440237718963,
    0.0003997683415960463,
    0.0003994729921491492,
    0.00039905815235444524,
    0.00039852407071350263,
    0.00039787106715735753,
    0.0003970995328548652,
    0.0003962099299783788,
    0.00039520279142689374,
    0.00039407872050682506,
    0.0003928383905706089,
    0.0003914825446133439,
    0.0003900119948277146,
    0.0003884276221174639,
    0.00038673037556970436,
    0.00038492127188638725,
    0.0003830013947752666,
    0.0003809718943007261,
    0.00037883398619485535,
    0.00037658895112918986,
    0.00037423813394755004,
    0.0003717829428604392
  ]
}