{"train_loss": [1.1156722719979748, 0.8383792997066994, 0.772963294527207, 0.7421729241051502, 0.7123677843660529, 0.697770533469245, 0.679826984362589, 0.6658761564053988, 0.650694499468209, 0.6352178908451112, 0.6267922869019231, 0.6041686354911888, 0.6061681901153765, 0.57525312644623, 0.5725813950528068, 0.5676892812975226, 0.5399904316317011, 0.5292361175584661, 0.5295543963311452, 0.5209304312259536, 0.49623331514256813, 0.49307431132014107, 0.4755430829574527, 0.48307485655569304, 0.4615986189518609, 0.4604389269183547, 0.45336851324896404, 0.4371144416589816, 0.4285370225804004, 0.4243575628031654, 0.42009572024325587, 0.4145015653563338, 0.4104471671036406, 0.4048878260761747, 0.390054406716883], "val_loss": [0.9206538823034082, 0.8200873631451812, 0.7816830389201641, 0.7957111727446318, 0.749810265643256, 0.8225871928568397, 0.7442764120974711, 0.7815069045339312, 0.7644090718988862, 0.7790046142680305, 0.7950002923607826, 0.7807660331683499, 0.7696192682321582, 0.7719856056251696, 0.7851270921528339, 0.7873205643679414, 0.8491202342723098, 0.8282551988959312, 0.804692172578403, 0.8324240177337613, 0.800416748970747, 0.8367706784712416, 0.7999986580439976, 0.8434870932251215, 0.8743908889591694, 0.8214971779712609, 0.8508718306464809, 0.8390014067824397, 0.8463070589516845, 0.893955051499818, 0.8519575583881566, 0.8590933103114367, 0.8637273291658077, 0.824259817068066, 0.8655251167448503], "val_miou": [0.22776485878648137, 0.29305173425322256, 0.3243159014605287, 0.32961740974148757, 0.3463176401953081, 0.3197798751178256, 0.3455139104006022, 0.3447344514186832, 0.3515933632917911, 0.33547255026716005, 0.363657934310213, 0.3532851390636489, 0.37046418110823287, 0.36583990886735185, 0.3482911737905822, 0.3669906676813287, 0.3683995656998914, 0.3584550898758335, 0.3428367869750374, 0.3694837883080821, 0.3694642493056439, 0.3803774249408299, 0.37107159908912646, 0.3676129744958557, 0.36778650293692183, 0.3673874252779482, 0.3768668554042079, 0.36776427984341403, 0.3729685065118911, 0.3716919728256933, 0.38223249148636285, 0.38405817687358085, 0.381008425810265, 0.3941907935817767, 0.3837951987493806], "lr": [3.3240997229916896e-05, 6.648199445983379e-05, 9.97229916897507e-05, 0.00013296398891966758, 0.00016620498614958447, 0.0001994459833795014, 0.00023268698060941828, 0.00026592797783933517, 0.00029916897506925206, 0.00033240997229916895, 0.0003656509695290859, 0.0003988919667590028, 0.0003999440237718963, 0.0003997683415960463, 0.0003994729921491492, 0.00039905815235444524, 0.00039852407071350263, 0.00039787106715735753, 0.0003970995328548652, 0.0003962099299783788, 0.00039520279142689374, 0.00039407872050682506, 0.0003928383905706089, 0.0003914825446133439, 0.0003900119948277146, 0.0003884276221174639, 0.00038673037556970436, 0.00038492127188638725, 0.0003830013947752666, 0.0003809718943007261, 0.00037883398619485535, 0.00037658895112918986, 0.00037423813394755004, 0.0003717829428604392, 0.00036922484860148284]}